first_name,last_name,ext_extension,int_extension,employee,int_phone_name
Maëline,Bembrick,+7 290 405 4127,293,true,PHONE_50796
Kuí,MacWhirter,+62 170 817 1093,93,false,PHONE_62142
Táng,Tommis,+501 257 973 0364,105,false,PHONE_40504
Daphnée,Hein,+86 826 310 1786,509,true,PHONE_11397
Erwéi,Guilayn,+386 904 474 0532,615,true,PHONE_08298
Lài,Physic,+505 357 607 1576,36,true,PHONE_13155
Lài,Peach,+56 470 451 6083,76,true,PHONE_91666
Ráo,Mayhou,+63 501 989 1436,61,true,PHONE_88655
Kévina,Grimsdike,+81 459 961 7952,811,true,PHONE_31444
Maïlys,Aindrais,+212 687 100 7854,21,true,PHONE_81296
Wá,Groom,+62 229 100 6287,49,false,PHONE_26771
Léane,Hagyard,+86 710 818 6780,45,true,PHONE_60137
Marie-noël,McLice,+66 743 510 6263,03,false,PHONE_80071
Séverine,Bason,+62 138 438 8190,54,true,PHONE_68857
Almérinda,Feaveer,+355 782 927 7488,600,false,PHONE_87363
Kù,Tidbury,+380 202 430 5658,61,false,PHONE_04975
Méryl,Shelsher,+86 726 726 2535,585,false,PHONE_39127
Mélia,Creer,+86 917 413 4592,259,false,PHONE_98690
Mélinda,Tatem,+55 680 252 5314,52,true,PHONE_59936
Camélia,Bigglestone,+63 689 957 9142,767,false,PHONE_33982
Nélie,Pratty,+7 929 711 6446,090,false,PHONE_26200
Mahélie,MacDunlevy,+234 905 830 1762,050,false,PHONE_84724
Laïla,Priscott,+84 448 381 9802,895,false,PHONE_22052
Pélagie,Bramo,+63 673 724 8932,756,true,PHONE_76695
Mårten,Perchard,+33 872 315 2879,248,false,PHONE_31220
Léandre,McAlroy,+7 737 864 3451,264,true,PHONE_34783
Erwéi,O'Henecan,+1 916 862 7740,646,false,PHONE_40248
Måns,Tarrier,+86 917 305 7040,05,false,PHONE_77776
Maëlla,Cahani,+420 934 271 1997,82,false,PHONE_25385
Michèle,Huniwall,+86 303 883 7948,805,false,PHONE_01787
Rachèle,Matiasek,+86 901 194 0960,36,false,PHONE_19691
Maïlis,Jerzykiewicz,+7 662 804 6347,65,true,PHONE_43652
Stéphanie,Kirke,+86 367 124 3714,460,false,PHONE_04735
Chloé,Allnutt,+86 805 141 8327,400,false,PHONE_72317
Liè,Boggon,+55 822 521 4782,206,false,PHONE_53405
Léonie,Venners,+1 835 427 2282,22,false,PHONE_05918
Eugénie,Crosham,+86 815 163 0084,54,true,PHONE_44325
Loïc,Onn,+86 913 692 0057,396,true,PHONE_06832
André,Girardoni,+54 887 136 8855,10,false,PHONE_74273
Mélissandre,Dangl,+44 749 165 1347,63,true,PHONE_82970
Yáo,Dyett,+261 421 770 6060,804,true,PHONE_35318
Chloé,Cornbell,+62 518 719 7952,33,true,PHONE_57291
Mélissandre,Albone,+33 423 879 0368,478,true,PHONE_69690
Nuó,Hedgecock,+967 176 957 0959,276,true,PHONE_22535
Yú,Proby,+995 886 194 2814,33,false,PHONE_88565
Aí,Feedham,+7 998 824 9534,06,false,PHONE_19176
Mahélie,Bartholomieu,+260 847 397 8023,47,true,PHONE_80317
Måns,Frosdick,+420 631 296 8297,792,false,PHONE_37019
Thérèse,Abraham,+33 772 503 0198,23,false,PHONE_52993
Zoé,Turfs,+86 105 378 2450,70,false,PHONE_90698
Ruì,Crepin,+46 596 678 8205,12,false,PHONE_18089
Eléonore,Seth,+30 738 439 0142,22,false,PHONE_58540
Dù,Gierck,+62 432 801 3111,243,false,PHONE_61880
Märta,Martell,+387 579 541 1819,787,false,PHONE_44199
Personnalisée,Kiwitz,+48 440 231 7748,28,true,PHONE_48487
Táng,Hedworth,+62 737 159 7465,03,false,PHONE_65684
Maïly,Lappine,+256 931 825 7687,99,false,PHONE_12535
Céline,Dickey,+86 495 259 3795,40,false,PHONE_53024
Naéva,Eveleigh,+63 634 234 2439,49,true,PHONE_84174
Naéva,Cairney,+34 814 809 5303,543,false,PHONE_99705
Magdalène,Ringe,+62 488 640 8645,62,true,PHONE_23854
Cloé,Watkinson,+420 229 914 3065,18,true,PHONE_32664
Gaïa,Greggs,+81 987 954 2261,420,true,PHONE_01503
Léone,Stiddard,+46 708 461 0229,179,true,PHONE_97239
Yóu,Carette,+60 124 205 4707,344,true,PHONE_52613
Léa,Fraczek,+33 960 730 3943,59,false,PHONE_31934
Gaëlle,Housby,+420 453 850 6764,38,false,PHONE_03436
Märta,Leathem,+86 266 601 0440,748,true,PHONE_96026
Loïc,Guidotti,+63 113 416 6292,88,false,PHONE_70002
Andrée,Crosser,+86 115 917 5848,862,false,PHONE_53996
Andréanne,Tunbridge,+420 632 348 3503,050,false,PHONE_50035
Loïc,Nolan,+86 817 580 5689,978,true,PHONE_07334
Stéphanie,Brunstan,+44 754 577 7433,123,true,PHONE_76189
Håkan,Livesey,+386 710 285 2450,391,false,PHONE_89300
Maïté,Dagon,+380 539 122 5740,77,true,PHONE_65100
Garçon,Goodhall,+33 195 647 3333,50,true,PHONE_96032
Hélène,Hakeworth,+269 366 504 5450,27,false,PHONE_11131
Örjan,Mallett,+380 324 683 8884,767,true,PHONE_93681
Angèle,Wainscot,+33 111 142 3022,12,true,PHONE_57440
Almérinda,Carlick,+976 348 555 4257,36,false,PHONE_88274
Yú,Kemmer,+30 396 153 4991,70,true,PHONE_60492
Eugénie,Le Brun,+81 193 400 5503,692,false,PHONE_51890
Adèle,Kopta,+81 168 403 3153,22,false,PHONE_13763
Zhì,Jobern,+212 754 681 8088,14,true,PHONE_11691
Méng,Eastop,+47 643 526 8100,929,false,PHONE_84200
Agnès,Redmain,+66 726 699 8789,68,false,PHONE_90351
Réjane,Baish,+86 218 165 4596,793,true,PHONE_07274
Adélie,Rogier,+46 114 242 8486,878,true,PHONE_25034
Pò,Ion,+963 424 399 9922,209,false,PHONE_71200
Océanne,McLucky,+234 596 305 1173,71,true,PHONE_63606
Célestine,Deyenhardt,+380 371 140 2394,89,false,PHONE_49037
Maëly,Cordeau],+86 233 530 4303,675,true,PHONE_03085
Lucrèce,Cosgriff,+55 408 811 0252,591,true,PHONE_95815
Táng,Klimpke,+254 435 470 5773,88,false,PHONE_88660
Cécilia,Bockh,+62 976 427 5330,91,false,PHONE_39477
Mélanie,Pickle,+86 125 564 1330,69,true,PHONE_34438
Garçon,O'Scanlon,+593 286 967 3815,168,false,PHONE_84078
Rébecca,Fazzioli,+963 571 373 8897,70,true,PHONE_11975
Styrbjörn,Hurdis,+1 229 467 7631,32,false,PHONE_57761
Marlène,Civitillo,+7 481 925 3226,683,false,PHONE_94376
