Finn        ,Gidden                   ,119-967-1497
Genovera    ,Heineking                ,966-264-2862
Munroe      ,Stears                   ,475-855-5028
Etienne     ,Nilles                   ,992-586-9830
Lia         ,Sadler                   ,909-645-6210
Saundra     ,McClifferty              ,317-899-8999
Jeth        ,Toland                   ,896-543-7110
Thorsten    ,Cabrales                 ,169-204-2321
Brittni     ,Pipkin                   ,191-837-9752
John        ,Busfield                 ,338-771-4588
Erny        ,Emons                    ,843-203-6204
Norbie      ,Zukerman                 ,389-223-9403
Bernete     ,Jerdein                  ,835-919-1876
Yalonda     ,Mariyushkin              ,184-395-6831
Carlen      ,Coombe                   ,937-539-5331
Bastien     ,Canny                    ,698-917-6242
Avigdor     ,Pressnell                ,218-187-8895
Adelbert    ,Blare                    ,159-799-1076
Alexander   ,Wyllis                   ,193-563-3887
Geoffrey    ,Derrington               ,602-396-1387
Jone        ,Gratton                  ,350-447-8886
Clyve       ,Lynde                    ,908-499-0347
Drucill     ,Scholes                  ,298-183-2296
Preston     ,Dixcey                   ,673-924-0389
Philipa     ,Raiker                   ,463-695-2397
Alexis      ,Hallibone                ,755-761-6603
Fabe        ,Marguerite               ,659-151-8381
Gwendolyn   ,Antonescu                ,364-133-8628
Alfi        ,Tapper                   ,484-397-1263
Erroll      ,Bauldrey                 ,913-805-0398
Barron      ,Tamas                    ,266-963-8002
Flossi      ,Popham                   ,524-375-5276
Ilyse       ,Guice                    ,602-538-7569
Iolanthe    ,Allchorne                ,922-966-1786
Berke       ,Dilnot                   ,405-258-5188
Tobe        ,Izkovici                 ,922-108-9651
Priscilla   ,Upston                   ,978-380-8036
Norah       ,Gravenall                ,874-441-6790
Lalo        ,Thornthwaite             ,907-924-7870
Carri       ,Saintpierre              ,955-951-2844
Cindie      ,Billany                  ,332-368-4753
Lea         ,Portman                  ,384-541-4734
Wileen      ,Molloy                   ,472-615-6823
Justino     ,Ivey                     ,632-880-1109
Daniel      ,Venmore                  ,336-534-3450
Bonnibelle  ,Ricoald                  ,192-863-0724
Marlo       ,Senecaux                 ,606-595-0968
Ancell      ,Ronchka                  ,230-446-5092
Jennine     ,Fishburn                 ,746-864-5679
Giff        ,Cheeney                  ,374-688-5035
Ira         ,Trail                    ,346-730-3581
Bunny       ,Brumfitt                 ,875-557-9283
Sena        ,Deporte                  ,783-635-6648
Mariele     ,Rupprecht                ,206-621-6204
Ody         ,Sommersett               ,648-332-5295
Eric        ,Jaquet                   ,464-347-0575
Nickey      ,Scutchings               ,782-105-2608
Norean      ,Huxter                   ,746-692-5398
Jessey      ,Sherebrook               ,414-774-0316
Melantha    ,Sedgmond                 ,796-283-9363
Hyman       ,Diggle                   ,223-306-2521
Addia       ,Mytton                   ,747-507-2681
Brana       ,Arnecke                  ,728-825-7552
Levon       ,Mowsley                  ,729-677-1043
Lu          ,Curnick                  ,387-463-3787
Marthena    ,Drewes                   ,549-111-2704
Ianthe      ,Kleehuhler               ,283-148-4371
Tybalt      ,Bavidge                  ,699-196-6016
Alyce       ,Pighills                 ,611-875-7407
Hilly       ,Cutill                   ,645-916-7590
Venus       ,Chaperling               ,592-468-6125
Sean        ,Jakeway                  ,454-628-2704
Maddalena   ,Beaver                   ,761-378-4211
Phillip     ,Bravery                  ,997-255-1817
Martainn    ,Mulheron                 ,938-243-0198
Care        ,Manes                    ,426-837-7880
Alica       ,Rossbrook                ,682-470-6784
Maurita     ,Threadgall               ,575-213-4676
Kordula     ,Conner                   ,337-917-7410
Odele       ,Edland                   ,394-768-1680
Cindra      ,Sowman                   ,825-379-7547
Ari         ,Prisk                    ,744-714-3480
Alleyn      ,Fesby                    ,196-977-2946
Louella     ,MacElholm                ,597-789-6574
Lianne      ,Van Der Weedenburg       ,372-794-1877
Matias      ,Harriday                 ,453-268-4325
Gretal      ,Brimmell                 ,789-445-9942
Randie      ,Flaonier                 ,528-438-1380
Perry       ,Leethem                  ,326-701-9465
Bernardine  ,Mournian                 ,715-445-3356
Arlene      ,Cleary                   ,854-949-8511
Rad         ,Larraway                 ,396-874-9644
Jasper      ,Magarrell                ,979-982-6653
Zachary     ,Haddick                  ,844-282-2457
Harley      ,Buist                    ,703-125-4753
Curcio      ,Plester                  ,435-155-8677
Ginevra     ,Pitherick                ,518-262-7483
Marketa     ,Hallad                   ,757-783-3972
Aarika      ,Doughton                 ,336-313-1069
Ferrel      ,Roo                      ,569-346-6550
Fabe        ,Dumigan                  ,960-526-5404
Pietro      ,Armatidge                ,173-611-3711
Thelma      ,Bilsland                 ,684-242-2454
Claudio     ,Burgott                  ,599-211-0795
Ameline     ,Phinn                    ,249-106-2649
Elmira      ,Gyenes                   ,625-526-1970
Standford   ,Kester                   ,105-734-3120
Yalonda     ,Pock                     ,626-484-6394
Myrwyn      ,Stack                    ,701-852-1243
Valentina   ,Relph                    ,369-163-5732
Allyson     ,Oleshunin                ,612-421-8862
Isabelle    ,Deacon                   ,704-256-0694
Giana       ,La Batie                 ,181-617-5902
Rosalyn     ,Matches                  ,608-991-2069
Brinn       ,Potier                   ,747-566-8506
Obidiah     ,Hazeldean                ,393-676-6952
Cosette     ,Biddlecombe              ,187-595-2564
Robbie      ,Libbey                   ,102-973-7999
Rube        ,Vaughton                 ,928-621-3702
Nada        ,McAlpine                 ,739-981-6775
Gordy       ,Guthrum                  ,330-493-5494
Nedda       ,Stanett                  ,944-667-8535
Cliff       ,Trowbridge               ,302-682-0388
Allen       ,Corp                     ,646-393-8961
Giffard     ,Wrighton                 ,557-613-2153
Dell        ,Pockey                   ,720-765-4869
Shoshanna   ,Ruggiero                 ,573-645-0143
Astra       ,Abbet                    ,135-512-4642
Anetta      ,Dawes                    ,124-730-6720
Kenn        ,Doolan                   ,271-515-4366
Theadora    ,Deal                     ,461-808-2816
Arielle     ,Sink                     ,677-721-5222
Urbano      ,Kears                    ,958-208-1383
Shara       ,Stookes                  ,338-582-5942
Brittani    ,Le Friec                 ,788-657-3652
Dierdre     ,Leddy                    ,883-700-6168
Ainsley     ,Worms                    ,287-958-6531
Clem        ,Haugeh                   ,118-237-5566
Emmery      ,Roe                      ,247-116-6395
Dall        ,Kershow                  ,533-912-2098
Norene      ,Lafflina                 ,622-674-6534
D'arcy      ,Tollit                   ,137-908-9307
Vince       ,Fancy                    ,596-687-7421
Viviyan     ,Getcliffe                ,859-240-2956
Filberto    ,Siddell                  ,185-857-2255
Oralia      ,McGarva                  ,942-255-9101
Emiline     ,Macey                    ,381-208-4953
Konrad      ,Fealey                   ,734-737-1287
Sofie       ,Ortsmann                 ,510-381-4613
Putnam      ,Bertram                  ,888-916-8014
Christalle  ,Coucha                   ,258-890-1447
Cordelia    ,Wisdom                   ,366-837-1212
Tamarra     ,Absolom                  ,934-451-1634
Benedicto   ,Drife                    ,516-738-8593
Reba        ,Ansett                   ,596-479-4914
Etheline    ,Halwell                  ,247-839-4182
Doreen      ,Sanbrook                 ,498-384-1369
Nappie      ,Dickson                  ,200-114-1491
Fran        ,Tale                     ,435-991-8829
Corby       ,Marioneau                ,233-608-8251
Gerek       ,Gainor                   ,783-514-9711
Gae         ,Hagwood                  ,473-365-4454
Idette      ,Popping                  ,381-676-0216
Harrison    ,MacVagh                  ,702-672-5552
Fayina      ,Imlach                   ,831-644-6955
Tedra       ,Cogle                    ,956-546-2109
Cornela     ,Gabits                   ,247-871-9847
Alvin       ,Sinnie                   ,778-281-7777
Ossie       ,Heams                    ,127-248-4923
Audrie      ,Crackel                  ,616-195-1749
Bamby       ,Blann                    ,564-103-1925
Garrard     ,Cawse                    ,301-925-3722
Cece        ,Sweeting                 ,448-450-6576
Lorine      ,Skryne                   ,770-350-4043
Mahmud      ,Hackelton                ,504-210-9969
Dirk        ,Voyce                    ,869-617-4069
Siffre      ,Sodor                    ,968-136-0200
Norri       ,Lakin                    ,322-139-1748
Alastair    ,Ashmole                  ,231-545-2880
Evaleen     ,Sambiedge                ,231-775-9444
Muriel      ,Caudrey                  ,916-493-2324
Chelsae     ,O'Dare                   ,783-971-8972
Bobbye      ,Johl                     ,623-496-0511
Fernande    ,Matchitt                 ,204-646-3980
Bartlet     ,Sandiland                ,623-785-7769
Sib         ,Ekins                    ,528-299-6869
Paule       ,Gibbie                   ,620-830-6588
Bunni       ,Westnage                 ,626-197-1498
Tobit       ,Jeaycock                 ,551-633-7976
Elianora    ,Partlett                 ,858-383-2330
Asa         ,Osgerby                  ,401-430-6832
Demetre     ,Goacher                  ,466-774-5526
Rosemarie   ,Bromet                   ,603-275-0900
Micky       ,MacNelly                 ,760-292-2693
Fan         ,Tedorenko                ,894-991-5727
Estrella    ,Ruddom                   ,714-768-7527
Pietro      ,Jagoe                    ,297-811-0316
Orion       ,Sparshatt                ,535-355-2657
Karel       ,Marrable                 ,154-807-0007
Claudian    ,Heintz                   ,626-616-1928
Gabby       ,MacAleese                ,637-415-1447
Jan         ,Curling                  ,647-778-9797
Dacia       ,Surmeir                  ,602-577-3747
Kath        ,Lorent                   ,338-358-0208
Thomas      ,Wrighton                 ,176-811-9609
Witty       ,Lempke                   ,454-842-8093
Hube        ,Hutchin                  ,437-580-2238
Felicle     ,Muckle                   ,293-855-0691
Ryon        ,Dyet                     ,107-769-0719
Douglass    ,Knocker                  ,592-861-9236
Sianna      ,Elia                     ,132-827-2155
Rosina      ,Albinson                 ,992-677-5467
Vittorio    ,Glendinning              ,633-373-5558
Dukey       ,Isson                    ,271-894-4629
Bev         ,Kaubisch                 ,290-775-5437
Ludwig      ,Bouzek                   ,389-532-2800
Corette     ,Thompson                 ,584-662-8769
Virgilio    ,Tomaselli                ,641-439-9152
Maddi       ,Higgan                   ,280-903-9520
Gaultiero   ,Marchenko                ,622-852-5556
Kalil       ,Ive                      ,705-860-9239
Reade       ,de Cullip                ,173-918-8569
Susi        ,Maxworthy                ,124-487-4542
Michele     ,Scannell                 ,521-986-4154
Ivy         ,Lambourne                ,547-301-0668
Andria      ,Rawlence                 ,197-668-1702
Sarene      ,Faas                     ,597-568-0779
Inez        ,Crook                    ,987-278-0487
Gaile       ,Hallgate                 ,454-310-2037
Georgiana   ,Thal                     ,554-906-6975
Aline       ,Hazelden                 ,229-176-9972
Elmer       ,Dakin                    ,849-326-9310
Fannie      ,Von Gladbach             ,306-685-3609
Oneida      ,Scoone                   ,346-644-8718
Elsey       ,Ginman                   ,307-335-8604
Flore       ,Chennells                ,628-627-3293
Flint       ,Lidden                   ,739-344-9136
Willie      ,Dows                     ,719-350-0222
Norbie      ,Hissie                   ,660-314-3304
Kerby       ,Rapp                     ,892-277-7728
Myrvyn      ,Bradshaw                 ,700-251-5248
Debra       ,Aldrick                  ,907-305-8092
Jourdain    ,Cockshot                 ,835-974-4342
Wallie      ,Naisey                   ,555-143-5029
Almeda      ,Swanger                  ,904-361-0944
Jimmie      ,Baldin                   ,565-743-8448
Wilfrid     ,Rowland                  ,754-991-3957
Kenon       ,Easterfield              ,828-124-9140
Leslie      ,Lorryman                 ,439-565-9522
Hannie      ,June                     ,426-652-0592
Cicely      ,Abramowsky               ,503-595-2554
Del         ,Terrell                  ,581-664-0967
Michaella   ,Willicott                ,951-966-1897
Leona       ,McAllan                  ,944-738-9065
Abigael     ,Saunton                  ,817-765-9303
Kordula     ,Bech                     ,742-684-7540
Elspeth     ,Ismay                    ,123-555-8735
Windy       ,Pheazey                  ,657-964-8275
Lucius      ,Stanyforth               ,537-542-6295
Harvey      ,Lushey                   ,796-348-7325
Lissie      ,Macy                     ,793-489-0505
Jessey      ,Whewill                  ,825-712-0464
Issi        ,Scherme                  ,170-989-2169
Sioux       ,Hitzke                   ,148-561-4359
Mill        ,Kinnerley                ,278-937-7208
Peyter      ,Judgkins                 ,409-899-9846
Odetta      ,Honack                   ,649-961-2106
Neall       ,Bamell                   ,715-903-7848
Warren      ,Bazell                   ,873-442-4811
Yorker      ,Silverthorn              ,695-114-7033
Rayner      ,Heersma                  ,552-771-1828
Lauren      ,Saggers                  ,784-593-4145
Diarmid     ,Laurand                  ,150-100-4528
Olivie      ,Bearne                   ,740-828-0999
Hollie      ,Feragh                   ,819-745-8135
Allister    ,Cowgill                  ,992-646-4500
Jens        ,Yakunkin                 ,299-969-6025
Maggy       ,Vivyan                   ,786-769-0238
Rachel      ,Gillebride               ,600-221-6377
Alanah      ,Dossetter                ,403-258-6978
Shaine      ,Emloch                   ,472-498-4092
Doy         ,Mote                     ,852-200-4250
Curtis      ,Heningham                ,550-282-2642
Hamil       ,McCutheon                ,788-754-3692
Gabriele    ,Bellhouse                ,999-680-5090
Adlai       ,Roskrug                  ,213-894-9330
Kile        ,Calam                    ,637-458-1339
Donal       ,Shearsby                 ,494-760-3663
Reece       ,Nisard                   ,852-636-8082
Chuck       ,Quirke                   ,152-800-1624
Jennette    ,Pavek                    ,896-538-1257
Jacques     ,Flexman                  ,652-383-0259
Jaymee      ,Jackes                   ,685-548-5342
Alexine     ,Dregan                   ,368-406-2004
Kerstin     ,Sangwine                 ,779-829-5350
Maye        ,Awmack                   ,113-233-9165
Boycey      ,Thome                    ,319-171-4818
Klarrisa    ,Minci                    ,698-579-5434
Berkley     ,Mufford                  ,973-723-2949
Aurel       ,Minshaw                  ,264-358-7240
Ebenezer    ,Arnould                  ,741-795-9213
Geri        ,Courteney                ,245-153-7504
Ben         ,Chittem                  ,292-162-2684
Carver      ,Condell                  ,250-217-2242
Ham         ,Mackrill                 ,791-520-2401
Dylan       ,Spender                  ,562-624-0015
Astrix      ,Lines                    ,327-386-6147
Leeann      ,Hayfield                 ,243-986-8898
Raphael     ,Dingle                   ,907-433-3081
Natasha     ,Maple                    ,804-803-0893
Anny        ,Tolson                   ,993-423-5237
Joseito     ,Hinken                   ,987-575-4322
Opalina     ,McCarrick                ,732-431-3955
Boniface    ,Maryon                   ,899-241-0155
Kata        ,Alleyne                  ,110-441-5792
Brennan     ,Diego                    ,934-217-4661
Robby       ,Galer                    ,962-628-1098
Fifi        ,Matthisson               ,336-748-5962
Jewel       ,Birdis                   ,775-876-5464
Natalee     ,Sywell                   ,988-377-5726
Veda        ,Rosina                   ,932-316-0365
Kaitlynn    ,Hamlington               ,454-151-4624
Mariann     ,Coghlin                  ,346-877-8500
Cobbie      ,Mossman                  ,954-736-0673
Horace      ,Van Arsdale              ,676-293-2795
Ferne       ,Boam                     ,483-136-6517
Thibaud     ,MacSwayde                ,858-337-1583
Caralie     ,Timbridge                ,604-710-8798
Franchot    ,Whisby                   ,967-172-6186
Kinsley     ,Lyptrit                  ,993-829-5327
Clementina  ,Pelfer                   ,612-654-1327
Andreas     ,Bus                      ,982-919-7057
Jorie       ,Kepp                     ,464-596-6700
Stan        ,Trevenu                  ,624-610-6615
Anne        ,Balaam                   ,594-535-2459
Lucais      ,Goodere                  ,297-641-7454
Joan        ,Pratty                   ,461-238-8315
Agustin     ,Pleace                   ,974-336-5652
Hagen       ,De Stoop                 ,297-187-4216
Nerissa     ,Gatsby                   ,392-581-6814
Morgan      ,Hayselden                ,698-395-4791
Gladi       ,Philp                    ,896-130-1700
Fayette     ,Fallanche                ,845-151-0933
Lil         ,Milan                    ,774-157-4699
Fleming     ,Passion                  ,729-469-9287
Morley      ,Rivel                    ,272-952-6221
Gayle       ,Laban                    ,441-721-6030
Paolo       ,Bothen                   ,787-950-5275
Monique     ,Yantsev                  ,921-387-6474
Peyton      ,Shakeshaft               ,388-561-9689
Gusty       ,Yurevich                 ,625-958-4394
Ryann       ,Tabbernor                ,118-369-6228
Judah       ,Rainforth                ,250-324-2046
Jackelyn    ,Balsdone                 ,953-393-4097
Merv        ,Holtaway                 ,270-817-4113
Raleigh     ,Janssens                 ,316-257-7911
Gaston      ,Duchesne                 ,510-471-9422
Yolanthe    ,Bines                    ,421-280-5564
Dru         ,Antley                   ,155-330-1355
Alvie       ,Kerins                   ,147-187-4599
Bennie      ,Normant                  ,647-394-3319
Sophie      ,Crohan                   ,195-381-9056
Vin         ,Fortin                   ,804-967-5705
Dianemarie  ,Howle                    ,797-898-5361
Nehemiah    ,Garrison                 ,185-299-9766
Carmencita  ,Hastwell                 ,859-382-5408
Latashia    ,Wormald                  ,646-859-9882
Britt       ,Winsbury                 ,282-565-6746
Barnabas    ,Gantz                    ,423-912-4616
Guthry      ,Wilcocks                 ,388-272-0058
Shanna      ,Vivians                  ,842-854-9870
Kathryn     ,Glauber                  ,700-872-8737
Neille      ,Grandisson               ,540-543-0029
Lind        ,Anglim                   ,508-320-6759
Vickie      ,Longfoot                 ,104-702-8081
Wake        ,Hamilton                 ,419-544-2155
Any         ,Louedey                  ,491-593-6766
Shannan     ,McSwan                   ,433-821-6675
Harri       ,Tonks                    ,907-679-4345
Tobe        ,Haruard                  ,335-126-7948
Eadmund     ,Varah                    ,581-577-1346
Janaya      ,Leaton                   ,342-147-7409
Lenna       ,Rollingson               ,636-499-8922
Laraine     ,Gilhooley                ,877-561-7193
Tammie      ,Ferraresi                ,355-485-9202
Gael        ,Keers                    ,118-825-8164
Luise       ,Pendred                  ,830-429-3899
Gena        ,Benns                    ,747-405-2149
Ira         ,Karpe                    ,752-967-9377
Benedicta   ,Raveau                   ,915-124-6514
Roman       ,Gilbeart                 ,819-904-5235
Dynah       ,Cawthera                 ,522-772-5103
Amabelle    ,Emmitt                   ,749-499-3355
Cilka       ,Lingard                  ,834-786-1319
Gardy       ,Rubbens                  ,128-839-3594
Perle       ,Jopling                  ,659-107-5809
Heidie      ,Charge                   ,193-348-3592
Pincus      ,Blomefield               ,652-215-6187
Hyacintha   ,Moncrieffe               ,210-259-0605
Anjela      ,Jessope                  ,837-869-8752
Essie       ,Weems                    ,908-535-5723
Janot       ,McKevitt                 ,925-761-0141
Rosana      ,McMillan                 ,760-504-3425
Pincus      ,Skeggs                   ,694-658-7545
Esmaria     ,Cleare                   ,537-351-9902
Wandie      ,Ricardo                  ,623-507-3309
Ellary      ,Iacopetti                ,440-463-5574
Garreth     ,Axtens                   ,980-134-0131
Torey       ,Sharville                ,938-398-8318
Jonie       ,Lodo                     ,319-932-7353
Retha       ,Hallick                  ,638-524-4991
Clarita     ,Deinert                  ,849-944-7865
Jacinda     ,Zolini                   ,519-883-7586
Blithe      ,Kingsman                 ,982-523-8270
Shae        ,Josebury                 ,296-722-1073
Dora        ,Gatcliff                 ,485-875-8449
Raddy       ,Elldred                  ,369-307-1753
Robert      ,Bayston                  ,750-818-3764
Shaylynn    ,Flanagan                 ,692-609-8262
Legra       ,Angier                   ,457-996-6943
Paulita     ,Duncombe                 ,767-935-9093
Kaleb       ,Shallo                   ,453-364-3273
Dahlia      ,Greenslade               ,219-432-3335
Deloria     ,Pollastrone              ,225-432-9051
Sol         ,Junes                    ,563-238-3145
Knox        ,Barthelet                ,682-675-6498
Gerard      ,Cyples                   ,621-296-5966
Dredi       ,Karmel                   ,577-655-9496
Laurice     ,Sprull                   ,704-486-1019
Ddene       ,Vockings                 ,752-587-1320
Nelia       ,Cessford                 ,267-941-8036
Danila      ,MacGow                   ,236-554-5569
Melissa     ,Halvorsen                ,763-365-6667
Freedman    ,Barnson                  ,841-596-3017
Janel       ,Sawnwy                   ,698-860-4960
Ad          ,Ibbotson                 ,645-430-2597
Jedidiah    ,Sackes                   ,281-465-0967
Vitoria     ,Djurevic                 ,461-714-0678
Cora        ,Defrain                  ,980-205-9302
Leilah      ,Iacavone                 ,719-867-8917
Georgetta   ,Saiger                   ,291-864-3191
Andeee      ,Braddon                  ,354-604-8742
Berkley     ,Wendover                 ,603-184-0610
Zelig       ,Redhead                  ,740-259-7476
Andonis     ,McDonell                 ,627-197-7745
Barty       ,Stockport                ,281-578-9170
Maddy       ,Coultass                 ,820-362-9662
Winfred     ,Saltmarsh                ,814-940-2459
Isidore     ,Galland                  ,417-221-7797
Joseph      ,Lochet                   ,826-120-5430
Chicky      ,Gilcriest                ,675-904-1477
Carlene     ,Devonside                ,490-387-3561
Marianne    ,Laxon                    ,580-466-4535
August      ,Glassard                 ,396-293-3711
Florri      ,Trevaskiss               ,665-270-1103
Ben         ,Tremonte                 ,902-175-7272
Joane       ,Edwicke                  ,506-643-2377
Tobye       ,Slatford                 ,432-222-2263
Alex        ,Barsham                  ,158-263-4974
Olivie      ,Volette                  ,788-346-4665
Bord        ,Malthus                  ,305-326-2493
Feodor      ,Sleeny                   ,706-787-9362
Trixy       ,Aguirrezabal             ,301-334-4643
Lionello    ,Escalera                 ,753-603-4069
Minny       ,Gissing                  ,662-659-5646
Jaquith     ,Mullord                  ,663-139-5853
Tracee      ,Klasen                   ,363-465-2342
Juline      ,Loosmore                 ,688-803-0525
Coleman     ,Livermore                ,501-790-4649
Powell      ,McElane                  ,270-329-7872
Marney      ,Avrahamoff               ,355-465-4480
Moses       ,Dulson                   ,612-454-0373
Carmon      ,Dowley                   ,861-664-4886
Wilek       ,Vidgeon                  ,900-450-6205
Georgianna  ,Inglesent                ,761-340-3738
Irvine      ,Hulett                   ,205-731-4911
Joyce       ,Bredgeland               ,964-851-2384
Chandra     ,Tingey                   ,739-914-3330
Caprice     ,Back                     ,724-906-0076
Malynda     ,Steffans                 ,261-603-2044
Melinde     ,Parrot                   ,888-187-5669
Carly       ,Algeo                    ,865-157-2534
Sherm       ,Dunthorne                ,316-783-1966
Kelly       ,Pasfield                 ,660-652-6974
Catha       ,Tynemouth                ,427-791-2632
Minne       ,Cod                      ,522-303-5277
Conni       ,Wormleighton             ,820-422-5728
Redford     ,Antwis                   ,286-323-3066
Neill       ,Beadham                  ,430-132-3118
Brett       ,Meyrick                  ,837-837-5747
Maddie      ,Goodwins                 ,410-217-9941
Kriste      ,Biss                     ,602-936-5760
Damien      ,Birkmyre                 ,766-908-0760
Moe         ,Maxted                   ,532-765-1519
Worden      ,Borsay                   ,954-938-4587
Jarad       ,Sallowaye                ,595-484-3996
Ursa        ,Fehely                   ,312-965-3072
Boothe      ,Pley                     ,611-688-0999
Ugo         ,Anderton                 ,989-515-9136
Gunilla     ,Leopard                  ,761-867-3689
Hyacintha   ,Blainey                  ,503-644-7474
Red         ,Huban                    ,532-581-0503
Elinore     ,Trelevan                 ,996-155-4258
Ruth        ,Keynes                   ,719-886-7700
Dario       ,Halling                  ,953-239-4653
Pasquale    ,Whitehead                ,575-254-2343
Aindrea     ,Laing                    ,994-988-7550
Elmer       ,Stanley                  ,525-509-0124
Jo-anne     ,Chesley                  ,684-510-8031
Abigale     ,Rouzet                   ,405-517-9474
Jane        ,Le Breton De La Vieuville,457-553-6540
Daryle      ,Curme                    ,126-182-0512
Aldous      ,Filinkov                 ,396-575-1167
Casey       ,Matelaitis               ,686-130-1691
Andreas     ,Lundie                   ,934-156-8191
Conn        ,Clemow                   ,582-165-2832
Sunshine    ,Helin                    ,546-110-1052
Man         ,Mardall                  ,998-568-2759
Laureen     ,Roscher                  ,409-914-6271
Tybalt      ,Featherstone             ,507-841-3766
Norrie      ,Shawdforth               ,679-461-3822
Roberto     ,Lambert-Ciorwyn          ,230-673-7079
Shelba      ,Climance                 ,333-976-2045
Renault     ,St Pierre                ,202-521-9683
Aggi        ,O'Scandall               ,719-941-5217
Hamid       ,Stuck                    ,345-396-3526
Quintilla   ,Enrich                   ,454-670-9953
Anna        ,Hastie                   ,120-709-0955
Claretta    ,Cavil                    ,393-632-4793
Rivkah      ,Ibberson                 ,785-510-4813
Constantina ,Troker                   ,584-304-6919
Eb          ,Banasiak                 ,355-720-6350
Delinda     ,Stanford                 ,428-576-7326
Emelyne     ,Corthes                  ,191-371-8695
Adriano     ,Heball                   ,778-456-0978
Yetty       ,Tibbetts                 ,996-134-2226
Jerrilee    ,Louw                     ,875-243-8528
Ulick       ,Kenwell                  ,692-537-6133
Emogene     ,Ronchi                   ,418-819-5203
Montgomery  ,Dufty                    ,464-131-0822
Konstanze   ,Kirsopp                  ,859-457-7063
Thomasa     ,Kelson                   ,256-239-7461
Madlen      ,Patient                  ,317-311-1147
Felicia     ,Fettis                   ,504-425-9424
Kahaleel    ,Antczak                  ,847-275-0468
Tiffy       ,Mulloch                  ,220-523-3267
Catie       ,Brame                    ,237-376-0197
Donella     ,Dempster                 ,510-720-4850
Eldin       ,Nyssen                   ,573-180-5877
Yolanthe    ,Antonin                  ,603-283-0159
Hilton      ,Dorey                    ,634-586-5467
Cecily      ,Gives                    ,274-246-0120
Cyrill      ,Crennan                  ,532-787-1169
Prisca      ,Noye                     ,663-381-7712
Katleen     ,Dast                     ,164-664-0485
Jenilee     ,Inkle                    ,478-624-0326
Philly      ,Farrell                  ,315-921-7292
Noelani     ,Fantini                  ,945-111-6256
Lowe        ,Kynge                    ,174-546-9295
Charley     ,Hablot                   ,919-428-5104
Hurleigh    ,Woodburn                 ,744-817-7257
Erik        ,Crombleholme             ,882-782-9653
Antin       ,Flori                    ,307-399-1237
Malchy      ,de Voiels                ,648-433-2389
Yard        ,Wolfer                   ,283-942-7198
Bearnard    ,Yeldham                  ,722-442-9459
Chlo        ,Rothwell                 ,199-662-9340
Corrina     ,Pierce                   ,120-629-8023
Hadria      ,Geri                     ,653-297-9808
Sylvan      ,Fettes                   ,911-516-0786
Pamelina    ,Gitsham                  ,807-638-5925
Agna        ,Pollastro                ,640-693-9445
Dorree      ,Hilbourne                ,360-413-7971
Selma       ,Maylam                   ,108-446-2446
Kyrstin     ,Forsdike                 ,466-809-6344
Emelita     ,Shelp                    ,876-594-5031
Biddie      ,Aspey                    ,518-553-9648
Falkner     ,Symons                   ,228-374-1329
Kaile       ,Dudmesh                  ,159-176-9688
Venus       ,Gallelli                 ,932-891-0916
Rhonda      ,Kitchingham              ,579-942-0226
Becca       ,Wilsey                   ,977-849-2926
Pail        ,Colisbe                  ,711-866-8296
Thaddeus    ,Liddle                   ,763-954-7604
Uriel       ,Glashby                  ,724-729-3826
Ema         ,Crolly                   ,814-910-4480
Hussein     ,Gladebeck                ,652-425-7733
Augustine   ,Volet                    ,519-533-7192
Dani        ,Iannuzzi                 ,821-161-2461
Kerrin      ,Chataignier              ,828-546-9635
Shellie     ,Whilde                   ,497-321-0193
Nick        ,Sillars                  ,456-403-4679
Irvin       ,Rowter                   ,154-725-9652
Abagael     ,Petracchi                ,773-204-3810
Lind        ,Grinyov                  ,972-133-1723
Roman       ,Southers                 ,825-297-6613
Dorothy     ,McNickle                 ,695-748-4600
Brandea     ,Grob                     ,138-232-6763
Anselm      ,Noblet                   ,214-249-9946
Wheeler     ,Testro                   ,259-985-9599
Arlina      ,Perrygo                  ,479-934-4432
Bailie      ,Giraudou                 ,900-314-7670
Beulah      ,Leverington              ,755-104-5552
Trescha     ,Donohoe                  ,769-567-0010
Gnni        ,Nicholl                  ,747-984-7807
Cullen      ,Guidotti                 ,529-512-8145
Kathie      ,Grint                    ,316-374-7860
Ingar       ,Heskins                  ,622-582-2210
Laurens     ,Rushsorth                ,606-333-9499
Fanny       ,Schwaiger                ,541-184-3448
Hayes       ,Maxworthy                ,105-730-7296
Kathye      ,Jozsa                    ,906-772-6197
Dionis      ,Atty                     ,202-915-8909
Devlin      ,Dast                     ,410-709-6095
Warner      ,Normansell               ,347-709-4409
Conway      ,Dyster                   ,892-373-9213
Hortensia   ,Shillington              ,775-925-3461
Leoine      ,Stidson                  ,911-873-4211
Rebecka     ,Snowdon                  ,646-151-2067
Anastasie   ,Santarelli               ,483-358-2178
Porter      ,Brickham                 ,155-535-2035
Tova        ,Brims                    ,470-196-5557
Lauri       ,German                   ,220-333-7628
Geneva      ,Dibbert                  ,379-541-9806
Ody         ,Franklen                 ,914-766-8161
Max         ,Vidler                   ,336-506-2380
Cathlene    ,Laetham                  ,758-712-9272
Garrek      ,Hayler                   ,310-720-3434
Kial        ,Yegorev                  ,472-575-8084
Zia         ,Stienton                 ,519-964-4694
Woodrow     ,Brauns                   ,835-172-5443
Jeralee     ,Hosten                   ,471-760-9891
Tamarah     ,Streatfield              ,832-158-2888
Hilly       ,Bowsher                  ,211-659-1010
Eustace     ,Mcmanaman                ,210-565-2105
Steffi      ,Chastang                 ,828-256-6196
Izabel      ,Woodhead                 ,580-842-7800
Demetre     ,Matherson                ,856-567-9906
Livvie      ,Cadge                    ,802-199-3901
Cassandre   ,Hantusch                 ,987-788-2936
Anatole     ,Dargue                   ,992-701-9517
Scot        ,Hazeup                   ,776-810-4999
Jacintha    ,Thorius                  ,817-508-6847
Cristen     ,Kunzler                  ,689-399-7092
Bradford    ,Ledstone                 ,697-902-9101
Karyl       ,Guillart                 ,843-397-5047
Stacee      ,Schimann                 ,871-853-7975
Hastie      ,Trusdale                 ,160-481-9308
Goddard     ,Halbeard                 ,575-357-8163
Demetris    ,Rummings                 ,356-566-1328
Sabine      ,Allday                   ,959-965-7863
Marji       ,Jirka                    ,178-306-1902
Arlana      ,Mitkin                   ,891-585-7771
Duffie      ,Arnaud                   ,999-329-0584
Melba       ,Jaimez                   ,426-837-1762
Allsun      ,O'Roan                   ,353-747-1069
Franciskus  ,Birth                    ,424-625-2699
Blinni      ,Pease                    ,875-783-6412
Nicol       ,Waudby                   ,367-665-8872
Danie       ,Strong                   ,753-916-2067
Hubey       ,Towell                   ,386-780-6655
Kermie      ,Bygraves                 ,520-452-2924
Mehetabel   ,Janjic                   ,935-466-0031
Ninnette    ,Sparry                   ,261-788-8757
Massimiliano,Bearns                   ,272-199-2187
Sharyl      ,Gravell                  ,920-496-0668
Nara        ,Troyes                   ,155-238-2252
Brigitte    ,Morehall                 ,936-896-4434
Cordie      ,Dunnett                  ,615-932-4719
Dane        ,Birkenhead               ,601-767-0077
Carleton    ,Tilling                  ,863-790-2163
Percy       ,Stanmer                  ,816-383-9815
Justen      ,Kiefer                   ,363-520-6889
Benoit      ,Prime                    ,590-910-2055
Debera      ,Brake                    ,123-743-8634
Norah       ,D'Antonio                ,264-971-3402
Alec        ,McCarl                   ,321-661-0308
Giulio      ,Kramer                   ,898-393-8506
Louise      ,Kayne                    ,155-738-3433
Raffarty    ,Gioani                   ,254-612-1216
Alvis       ,Borzoni                  ,208-775-4376
Miltie      ,Gordon                   ,716-229-9823
Nanon       ,Wilds                    ,240-384-8818
Spencer     ,Carlone                  ,319-998-9216
Ransom      ,Lingard                  ,479-342-3586
Elisabet    ,Ilyin                    ,991-496-4227
Renata      ,Osbourn                  ,114-902-7866
Josephine   ,Ceschi                   ,468-199-0318
Christen    ,Hughes                   ,919-590-5956
Demetrius   ,Betham                   ,548-369-8343
Perren      ,McArdell                 ,430-158-9636
Trumaine    ,Quesne                   ,622-182-0347
Jacquelyn   ,Sorbie                   ,767-234-2273
Shelly      ,Rodda                    ,438-672-9043
Truman      ,Alvarez                  ,725-353-2404
Merrel      ,Getsham                  ,821-764-9508
Gianna      ,Kohrt                    ,657-108-0031
Daile       ,Malimoe                  ,394-457-9802
Electra     ,McIlwrath                ,573-438-9344
Hildagard   ,Syddon                   ,934-996-6246
Clarence    ,McGunley                 ,536-113-1956
Aloin       ,Heppenspall              ,857-496-2540
Martelle    ,Jewess                   ,311-630-5217
Anthe       ,Leirmonth                ,490-594-3955
Glen        ,Goodhay                  ,562-602-3389
Nanni       ,Rider                    ,844-582-0609
Austen      ,McLemon                  ,786-709-5895
Peyter      ,Sandells                 ,477-461-3254
Amye        ,Labin                    ,521-996-8269
Laurianne   ,Aldington                ,291-403-8686
Terrence    ,Meikle                   ,134-845-2863
Constantia  ,Eskrigg                  ,353-826-9188
Shani       ,Niesel                   ,561-490-5846
Cornall     ,Olcot                    ,188-981-4819
Elianora    ,Kenelin                  ,210-114-0495
Mahala      ,Vane                     ,369-533-6124
Devlin      ,Luton                    ,431-574-0784
Saunders    ,Tettersell               ,204-758-0629
Jobye       ,Brownbill                ,399-448-9765
Sarina      ,Lunk                     ,804-231-4287
Chick       ,Klampk                   ,705-270-7172
Cally       ,Yepiskopov               ,520-402-7844
Anthia      ,Anderer                  ,775-214-5572
Brander     ,Whebell                  ,879-460-2246
Analise     ,Calderhead               ,857-877-3252
Augustus    ,Whiteland                ,393-471-4227
Kimmy       ,Janowski                 ,914-105-7909
Vanna       ,Zuppa                    ,348-227-7945
Brnaby      ,Perillio                 ,114-737-2712
Claudette   ,Smoughton                ,145-700-2256
Lissy       ,Cotty                    ,932-810-0473
Neala       ,Machin                   ,805-223-2334
Avram       ,Brewitt                  ,214-429-5949
Jerrilyn    ,Caird                    ,698-983-0490
Alick       ,Jeppensen                ,671-909-7102
Yovonnda    ,Patsall                  ,786-660-7117
Tull        ,Flack                    ,226-189-9456
Edee        ,O'Clery                  ,906-646-1542
Zebulen     ,Agney                    ,931-468-9530
Niko        ,Sterre                   ,606-297-9929
Chiquia     ,Talboy                   ,158-990-7098
Berti       ,Greggersen               ,434-350-7225
Brinn       ,McBeith                  ,626-502-0103
Rory        ,Gotliffe                 ,703-916-3403
Aurelie     ,Westell                  ,668-173-5968
Trudi       ,Danhel                   ,499-347-5374
Oona        ,Wakerley                 ,736-636-1688
Wilmer      ,Ziemens                  ,881-382-0973
Guntar      ,Corradi                  ,900-155-0625
Cathi       ,Sperry                   ,377-499-9232
Keene       ,Sprigings                ,921-483-2229
Philippe    ,Caen                     ,381-214-1798
Johna       ,Stellino                 ,980-922-6531
Rozanna     ,Gaffon                   ,893-534-5148
Kiley       ,Lumb                     ,648-104-3842
Seana       ,Simononsky               ,686-962-6354
Sybil       ,Giacaponi                ,367-261-6249
Raphaela    ,Derle                    ,249-541-1235
Georgie     ,Tyrwhitt                 ,692-374-4575
Osbourn     ,Geraldini                ,499-964-9782
Trish       ,Conen                    ,254-755-0369
Penrod      ,Wybourne                 ,604-543-6338
Joachim     ,Figurski                 ,181-945-1348
Winston     ,Larrat                   ,115-804-5177
Berenice    ,Hegerty                  ,523-497-1955
Tabbie      ,Enriques                 ,169-501-8704
Margarete   ,Greber                   ,180-270-0584
Kristoforo  ,Rake                     ,266-746-6472
Di          ,Cotherill                ,968-393-3361
Garrot      ,Storrock                 ,756-799-8071
Donalt      ,Gilley                   ,731-115-5503
Isaiah      ,Peddar                   ,948-772-7375
Adella      ,Alsopp                   ,892-661-2280
Juliet      ,Taylour                  ,473-877-7932
Lester      ,Stife                    ,252-591-4520
Penny       ,Cartmer                  ,389-323-0530
Walliw      ,Mc Meekan                ,876-247-7616
Jonell      ,Matuska                  ,813-874-4705
Carena      ,Lucia                    ,757-673-4127
Kalli       ,Cicconetti               ,319-155-3688
Aretha      ,Finlater                 ,295-335-0339
Stanfield   ,Cruce                    ,659-107-1915
Den         ,Shoute                   ,694-342-4196
Sallyanne   ,Soars                    ,305-578-7585
Bethina     ,Mursell                  ,154-188-4603
Garrik      ,Papen                    ,843-924-6312
Eudora      ,Carslake                 ,222-959-5825
Kimberley   ,Meehan                   ,742-299-0180
Kristien    ,Errichelli               ,766-981-1616
Adamo       ,Koeppe                   ,281-473-4144
Tarrance    ,Healy                    ,410-968-8918
Beth        ,Chown                    ,741-128-2534
Jean        ,McQuorkell               ,574-818-8083
Carlos      ,Nesfield                 ,115-530-6490
Christel    ,Ozelton                  ,420-813-4548
Ame         ,Probyn                   ,519-214-2222
Alma        ,Conradsen                ,269-271-0250
Kameko      ,Lawful                   ,918-412-7793
Boy         ,Vaar                     ,834-580-0552
Gill        ,Cowin                    ,185-936-2641
Lin         ,Labes                    ,578-711-6335
Anatol      ,Asher                    ,102-806-8561
Ezechiel    ,Wearing                  ,789-876-8602
Salomo      ,Kield                    ,210-609-1831
Robin       ,Tomlinson                ,638-410-6174
Reuben      ,Course                   ,135-336-1683
Aldus       ,Mollett                  ,534-741-2375
Bondie      ,Baudasso                 ,145-946-3576
Vivianne    ,Addison                  ,387-143-9481
Josefa      ,Louthe                   ,304-589-0505
Gris        ,Dunbavin                 ,431-335-1798
Merrile     ,Stonehewer               ,377-109-9165
Cary        ,McLucas                  ,554-539-0546
Shanta      ,Stritton                 ,647-358-9677
Amelina     ,Westrey                  ,522-297-2332
Ethelbert   ,Conisbee                 ,795-635-4752
Sherill     ,Havelin                  ,920-731-8674
Todd        ,McDiarmid                ,503-913-5891
Lennie      ,Hearons                  ,257-770-8873
Bayard      ,Culkin                   ,171-250-3900
Calli       ,O' Culligan              ,674-533-2573
Madelena    ,Dukelow                  ,414-805-0878
Reinold     ,Krolik                   ,775-228-7566
Alyosha     ,Cawston                  ,568-414-4323
Kale        ,Mitskevich               ,655-730-0694
Seamus      ,Fawltey                  ,599-755-4667
Christoper  ,Fissenden                ,488-660-9254
Blithe      ,Carwithim                ,956-575-8991
Jameson     ,Gash                     ,146-550-2030
Rhianon     ,Rosenfelder              ,993-529-1899
Emelita     ,Jerrom                   ,135-852-8004
Noak        ,Bubbear                  ,988-141-2820
Arther      ,Morilla                  ,880-187-9775
Juliane     ,Emmert                   ,913-975-9056
Shawnee     ,Monahan                  ,836-455-3194
Constantine ,Kingdom                  ,692-405-8884
Thomasina   ,Rocco                    ,863-938-1978
Griff       ,Dobinson                 ,215-873-2666
Rickert     ,Astley                   ,714-343-5431
Sig         ,Longstaffe               ,496-152-6298
Eadmund     ,Corbyn                   ,611-581-3011
Chrisse     ,Tallach                  ,427-580-3683
Shell       ,Filippyev                ,798-397-4524
Perice      ,Beckwith                 ,704-209-8039
Elizabet    ,Remnant                  ,323-950-3311
Fay         ,Joriot                   ,132-979-7008
Boonie      ,Ellicombe                ,506-461-9138
Rees        ,Bullcock                 ,161-747-8083
Leann       ,Peegrem                  ,371-201-9448
Lothario    ,McConnell                ,637-945-3003
Cad         ,Allsop                   ,202-977-9995
Norton      ,Spenley                  ,549-987-7942
Rosaline    ,Spraging                 ,927-559-8455
Jobi        ,Levington                ,722-510-8026
Corey       ,Ochterlonie              ,615-672-8519
Hayley      ,Gissing                  ,845-646-7493
Kippy       ,Bordessa                 ,260-332-3854
Rorie       ,Hellcat                  ,418-503-4124
Lief        ,Barkworth                ,621-448-4713
Boigie      ,Lightowlers              ,668-159-3953
Andriette   ,Baulk                    ,754-329-8007
Cazzie      ,Sleight                  ,667-125-5589
Clem        ,Willbraham               ,936-173-7644
Lionello    ,Paulton                  ,242-498-9869
Arel        ,Otridge                  ,702-785-9471
Loree       ,Abrahami                 ,476-349-2649
Robbi       ,Clemitt                  ,656-548-8299
Monica      ,Seres                    ,635-270-5451
Aubine      ,Salliere                 ,542-115-1195
Benjamen    ,Galvin                   ,137-221-9092
Claudie     ,Goble                    ,992-964-3913
Nataniel    ,Goldman                  ,834-419-2283
Molli       ,Ambrosoni                ,626-210-9240
Jordan      ,Sircombe                 ,771-960-2843
Dennie      ,Elvins                   ,502-489-2392
Iago        ,Stormouth                ,728-553-0911
Gladys      ,Kisbey                   ,672-287-3402
Helena      ,Uc                       ,138-559-3705
Nico        ,Doohan                   ,315-367-9953
Vida        ,Fox                      ,304-267-8094
Norri       ,Gritsaev                 ,268-504-3030
Ninnetta    ,Frew                     ,290-175-4900
Ronnica     ,Starrs                   ,480-960-1497
Lucie       ,Vitte                    ,370-707-7324
Francesca   ,Everix                   ,719-384-4313
Simone      ,Dimbleby                 ,176-973-9909
Bethany     ,Epinay                   ,936-368-7087
Flem        ,Arch                     ,178-927-3111
Violet      ,Erett                    ,141-847-7055
Edwin       ,Eland                    ,544-428-0593
Karlan      ,Blabber                  ,706-316-1944
Robert      ,Thorwarth                ,312-522-4376
Atlante     ,Chestnutt                ,589-689-2553
Pail        ,Drinan                   ,538-526-2462
Marys       ,Davidowich               ,714-363-1906
Oswell      ,Prin                     ,928-133-4761
Berne       ,Brun                     ,813-844-4202
Pearl       ,Hauger                   ,364-823-4390
Mayne       ,Toulamain                ,436-731-5963
North       ,Castanaga                ,915-558-9071
Andre       ,Mobbs                    ,772-470-4629
Laughton    ,Lesaunier                ,581-408-3918
Euphemia    ,Day                      ,531-246-7272
Rori        ,Finneran                 ,940-192-9668
Kirstyn     ,Brimmacombe              ,263-590-6541
Riordan     ,Pesselt                  ,690-866-2201
Justinn     ,Triplow                  ,459-684-6474
Gerianne    ,Arnecke                  ,330-845-0270
Floris      ,Chaytor                  ,795-710-4974
Felicia     ,Brookshaw                ,148-299-8763
Abrahan     ,Dybbe                    ,846-526-7808
Stirling    ,Westby                   ,983-287-8335
Auroora     ,Boustead                 ,674-633-1994
Yardley     ,Disbrey                  ,588-920-5246
Joann       ,Matushevitz              ,124-901-7093
Ambur       ,Leetham                  ,136-192-5088
Alice       ,Jozwicki                 ,118-510-0844
Rosabel     ,McMonies                 ,577-239-8875
Fergus      ,Atwel                    ,110-482-0597
Whitby      ,Magner                   ,856-319-0414
Cori        ,Spoors                   ,846-164-9142
Elmer       ,Reynoollds               ,580-870-2326
Glynnis     ,Rockingham               ,420-427-4812
Sutherland  ,Ayrs                     ,988-986-6685
Hebert      ,Saintsbury               ,146-142-2639
Darb        ,Fenna                    ,433-250-1355
Jacklyn     ,Carillo                  ,941-813-8051
Marnie      ,Garner                   ,146-440-9685
Cory        ,Maior                    ,170-282-0554
Ches        ,Pioli                    ,769-826-3532
Ericka      ,Pyffe                    ,987-229-2878
Ansel       ,Flipek                   ,352-522-6188
Danyette    ,Dunkirk                  ,708-882-1829
Vanya       ,Heffer                   ,653-651-0797
Shanie      ,Daton                    ,804-585-4748
Ricki       ,Bransgrove               ,805-803-7868
Padgett     ,Edlyn                    ,576-654-3617
Godfry      ,Loggie                   ,682-414-1618
Emanuel     ,Calabry                  ,877-579-5810
Thekla      ,Hadigate                 ,186-104-5733
Samara      ,Agar                     ,299-259-3417
Kai         ,Joslin                   ,776-856-4905
Zelig       ,Crayden                  ,605-249-3492
Brandice    ,Hughf                    ,568-155-0996
Lazare      ,John                     ,918-908-8057
Farly       ,Hovenden                 ,742-967-1946
Derby       ,Juza                     ,560-782-1259
Hartwell    ,Cawthra                  ,626-501-6949
Abby        ,Sorro                    ,725-340-6142
Charita     ,Looby                    ,916-964-3427
Gayle       ,Le Leu                   ,134-616-0151
Marwin      ,Kless                    ,231-976-6134
Ase         ,Grolle                   ,284-423-7279
Zuzana      ,Boyes                    ,139-134-9063
Birgit      ,Fries                    ,113-492-5725
Barthel     ,Pothergill               ,414-818-3023
Nadya       ,Rosenzveig               ,569-503-6824
Caritta     ,Allen                    ,173-437-4558
Dermot      ,Alennikov                ,729-916-1326
Shermy      ,Schoffler                ,365-402-7434
Roberta     ,Patroni                  ,770-380-2545
Cyndi       ,O'Lyhane                 ,105-418-9380
Nero        ,Kloss                    ,971-290-9955
Claiborne   ,Toovey                   ,693-682-9677
Timmie      ,Wickens                  ,911-786-4712
Wilburt     ,Winkle                   ,232-858-8307
Bradford    ,Kelway                   ,901-514-6519
Lorain      ,Misselbrook              ,932-270-5731
Kirstin     ,Arr                      ,102-243-1014
Chrissy     ,Allden                   ,960-206-8120
Jacklin     ,Polk                     ,441-733-8319
Maiga       ,Bristoe                  ,913-538-5404
Grete       ,Cadore                   ,764-854-1334
Carilyn     ,Dishmon                  ,221-790-7024
Nessy       ,Dash                     ,226-228-5246
Tobe        ,Latter                   ,338-828-2966
Hermione    ,Sherburn                 ,385-307-8803
Janaye      ,Smallpiece               ,620-560-9926
Emlyn       ,Cashmore                 ,474-552-1004
Kenon       ,Corgenvin                ,245-875-5290
Novelia     ,Korfmann                 ,451-428-4890
Reinhold    ,Napper                   ,730-345-5740
Leoline     ,Salvatore                ,887-780-2452
Moishe      ,Vedntyev                 ,917-780-0410
Eolande     ,Quin                     ,208-316-4737
Xenia       ,Habben                   ,483-827-0486
Desiree     ,Derington                ,229-810-7218
Anabel      ,McVie                    ,774-564-6637
Shelby      ,Plewes                   ,848-909-3278
Diann       ,Pettit                   ,167-921-9105
Sibylle     ,Bartolomucci             ,656-865-1568
Fernanda    ,Urwen                    ,639-626-0008
Chloette    ,Lurcock                  ,723-983-4977
Sollie      ,Maycock                  ,141-999-7965
Myrle       ,Meins                    ,886-869-7306
Leeann      ,Brisse                   ,250-815-5439
Baxy        ,Timblett                 ,896-995-8852
Venus       ,Doudny                   ,572-648-4559
Valera      ,Dockerty                 ,617-836-0929
Jillian     ,Farnon                   ,106-483-5743
